short,"['RescueAgent', 'ResourceManagementAgent', 'RebuildingAgent']","(np.int32(51), np.int32(339), np.int32(466), np.int32(765), np.int32(613), np.int32(391), np.int32(348), np.int32(348), np.int32(199), np.int32(34), np.int32(4), np.int32(57), np.int32(7), np.int32(20), np.int32(0), np.int32(0), np.int32(0))",0,1
short,"['RescueAgent', 'ResourceManagementAgent', 'RebuildingAgent']","(np.int32(51), np.int32(339), np.int32(466), np.int32(765), np.int32(613), np.int32(391), np.int32(348), np.int32(348), np.int32(199), np.int32(34), np.int32(4), np.int32(57), np.int32(7), np.int32(20), np.int32(0), np.int32(0), np.int32(0))",0,1
short,"['RescueAgent', 'ResourceManagementAgent', 'RebuildingAgent']","(np.int32(53), np.int32(336), np.int32(816), np.int32(1825), np.int32(663), np.int32(150), np.int32(350), np.int32(78), np.int32(305), np.int32(-417), np.int32(7), np.int32(58), np.int32(2), np.int32(20), np.int32(2), np.int32(0), np.int32(0))",0,1
short,"['RescueAgent', 'ResourceManagementAgent', 'RebuildingAgent']","(np.int32(51), np.int32(339), np.int32(466), np.int32(765), np.int32(613), np.int32(391), np.int32(348), np.int32(348), np.int32(199), np.int32(34), np.int32(4), np.int32(57), np.int32(7), np.int32(20), np.int32(0), np.int32(0), np.int32(0))",0,1
short,"['RescueAgent', 'ResourceManagementAgent', 'RebuildingAgent']","(np.int32(53), np.int32(336), np.int32(816), np.int32(1825), np.int32(663), np.int32(150), np.int32(350), np.int32(78), np.int32(305), np.int32(-417), np.int32(7), np.int32(58), np.int32(2), np.int32(20), np.int32(2), np.int32(0), np.int32(0))",0,1
short,"['RescueAgent', 'ResourceManagementAgent', 'RebuildingAgent']","(np.int32(55), np.int32(335), np.int32(1164), np.int32(2178), np.int32(1011), np.int32(152), np.int32(349), np.int32(204), np.int32(317), np.int32(-347), np.int32(8), np.int32(66), np.int32(1), np.int32(20), np.int32(7), np.int32(0), np.int32(0))",0,1
short,"['RescueAgent', 'ResourceManagementAgent', 'RebuildingAgent']","(np.int32(51), np.int32(339), np.int32(466), np.int32(765), np.int32(613), np.int32(391), np.int32(348), np.int32(348), np.int32(199), np.int32(34), np.int32(4), np.int32(57), np.int32(7), np.int32(20), np.int32(0), np.int32(0), np.int32(0))",0,1
short,"['RescueAgent', 'ResourceManagementAgent', 'RebuildingAgent']","(np.int32(53), np.int32(336), np.int32(816), np.int32(1825), np.int32(663), np.int32(150), np.int32(350), np.int32(78), np.int32(305), np.int32(-417), np.int32(7), np.int32(58), np.int32(2), np.int32(20), np.int32(2), np.int32(0), np.int32(0))",0,1
short,"['RescueAgent', 'ResourceManagementAgent', 'RebuildingAgent']","(np.int32(55), np.int32(335), np.int32(1164), np.int32(2178), np.int32(1011), np.int32(152), np.int32(349), np.int32(204), np.int32(317), np.int32(-347), np.int32(8), np.int32(66), np.int32(1), np.int32(20), np.int32(7), np.int32(0), np.int32(0))",0,1
short,"['RescueAgent', 'ResourceManagementAgent', 'RebuildingAgent']","(np.int32(57), np.int32(335), np.int32(1512), np.int32(2541), np.int32(1359), np.int32(152), np.int32(346), np.int32(408), np.int32(469), np.int32(-101), np.int32(8), np.int32(74), np.int32(0), np.int32(20), np.int32(14), np.int32(0), np.int32(0))",0,1
short,"['RescueAgent', 'ResourceManagementAgent', 'RebuildingAgent']","(np.int32(51), np.int32(339), np.int32(466), np.int32(765), np.int32(613), np.int32(391), np.int32(348), np.int32(348), np.int32(199), np.int32(34), np.int32(4), np.int32(57), np.int32(7), np.int32(20), np.int32(0), np.int32(0), np.int32(0))",0,1
short,"['RescueAgent', 'ResourceManagementAgent', 'RebuildingAgent']","(np.int32(53), np.int32(336), np.int32(816), np.int32(1825), np.int32(663), np.int32(150), np.int32(350), np.int32(78), np.int32(305), np.int32(-417), np.int32(7), np.int32(58), np.int32(2), np.int32(20), np.int32(2), np.int32(0), np.int32(0))",0,1
short,"['RescueAgent', 'ResourceManagementAgent', 'RebuildingAgent']","(np.int32(55), np.int32(335), np.int32(1164), np.int32(2178), np.int32(1011), np.int32(152), np.int32(349), np.int32(204), np.int32(317), np.int32(-347), np.int32(8), np.int32(66), np.int32(1), np.int32(20), np.int32(7), np.int32(0), np.int32(0))",0,1
short,"['RescueAgent', 'ResourceManagementAgent', 'RebuildingAgent']","(np.int32(57), np.int32(335), np.int32(1512), np.int32(2541), np.int32(1359), np.int32(152), np.int32(346), np.int32(408), np.int32(469), np.int32(-101), np.int32(8), np.int32(74), np.int32(0), np.int32(20), np.int32(14), np.int32(0), np.int32(0))",0,1
short,"['RescueAgent', 'ResourceManagementAgent', 'RebuildingAgent']","(np.int32(59), np.int32(335), np.int32(1799), np.int32(2823), np.int32(1706), np.int32(153), np.int32(328), np.int32(669), np.int32(515), np.int32(69), np.int32(8), np.int32(78), np.int32(3), np.int32(20), np.int32(36), np.int32(0), np.int32(0))",0,1
short,"['RescueAgent', 'ResourceManagementAgent', 'RebuildingAgent']","(np.int32(51), np.int32(339), np.int32(466), np.int32(765), np.int32(613), np.int32(391), np.int32(348), np.int32(348), np.int32(199), np.int32(34), np.int32(4), np.int32(57), np.int32(7), np.int32(20), np.int32(0), np.int32(0), np.int32(0))",0,1
short,"['RescueAgent', 'ResourceManagementAgent', 'RebuildingAgent']","(np.int32(53), np.int32(336), np.int32(816), np.int32(1825), np.int32(663), np.int32(150), np.int32(350), np.int32(78), np.int32(305), np.int32(-417), np.int32(7), np.int32(58), np.int32(2), np.int32(20), np.int32(2), np.int32(0), np.int32(0))",0,1
short,"['RescueAgent', 'ResourceManagementAgent', 'RebuildingAgent']","(np.int32(55), np.int32(335), np.int32(1164), np.int32(2178), np.int32(1011), np.int32(152), np.int32(349), np.int32(204), np.int32(317), np.int32(-347), np.int32(8), np.int32(66), np.int32(1), np.int32(20), np.int32(7), np.int32(0), np.int32(0))",0,1
short,"['RescueAgent', 'ResourceManagementAgent', 'RebuildingAgent']","(np.int32(57), np.int32(335), np.int32(1512), np.int32(2541), np.int32(1359), np.int32(152), np.int32(346), np.int32(408), np.int32(469), np.int32(-101), np.int32(8), np.int32(74), np.int32(0), np.int32(20), np.int32(14), np.int32(0), np.int32(0))",0,1
short,"['RescueAgent', 'ResourceManagementAgent', 'RebuildingAgent']","(np.int32(59), np.int32(335), np.int32(1799), np.int32(2823), np.int32(1706), np.int32(153), np.int32(328), np.int32(669), np.int32(515), np.int32(69), np.int32(8), np.int32(78), np.int32(3), np.int32(20), np.int32(36), np.int32(0), np.int32(0))",0,1
short,"['RescueAgent', 'ResourceManagementAgent', 'RebuildingAgent']","(np.int32(61), np.int32(331), np.int32(1696), np.int32(3110), np.int32(2053), np.int32(153), np.int32(308), np.int32(786), np.int32(-87), np.int32(37), np.int32(12), np.int32(81), np.int32(1), np.int32(20), np.int32(61), np.int32(0), np.int32(0))",0,1
short,"['RescueAgent', 'ResourceManagementAgent', 'RebuildingAgent']","(np.int32(51), np.int32(339), np.int32(466), np.int32(765), np.int32(613), np.int32(391), np.int32(348), np.int32(348), np.int32(199), np.int32(34), np.int32(4), np.int32(57), np.int32(7), np.int32(20), np.int32(0), np.int32(0), np.int32(0))",0,1
short,"['RescueAgent', 'ResourceManagementAgent', 'RebuildingAgent']","(np.int32(53), np.int32(336), np.int32(816), np.int32(1825), np.int32(663), np.int32(150), np.int32(350), np.int32(78), np.int32(305), np.int32(-417), np.int32(7), np.int32(58), np.int32(2), np.int32(20), np.int32(2), np.int32(0), np.int32(0))",0,1
short,"['RescueAgent', 'ResourceManagementAgent', 'RebuildingAgent']","(np.int32(55), np.int32(335), np.int32(1164), np.int32(2178), np.int32(1011), np.int32(152), np.int32(349), np.int32(204), np.int32(317), np.int32(-347), np.int32(8), np.int32(66), np.int32(1), np.int32(20), np.int32(7), np.int32(0), np.int32(0))",0,1
short,"['RescueAgent', 'ResourceManagementAgent', 'RebuildingAgent']","(np.int32(57), np.int32(335), np.int32(1512), np.int32(2541), np.int32(1359), np.int32(152), np.int32(346), np.int32(408), np.int32(469), np.int32(-101), np.int32(8), np.int32(74), np.int32(0), np.int32(20), np.int32(14), np.int32(0), np.int32(0))",0,1
short,"['RescueAgent', 'ResourceManagementAgent', 'RebuildingAgent']","(np.int32(59), np.int32(335), np.int32(1799), np.int32(2823), np.int32(1706), np.int32(153), np.int32(328), np.int32(669), np.int32(515), np.int32(69), np.int32(8), np.int32(78), np.int32(3), np.int32(20), np.int32(36), np.int32(0), np.int32(0))",0,1
short,"['RescueAgent', 'ResourceManagementAgent', 'RebuildingAgent']","(np.int32(61), np.int32(331), np.int32(1696), np.int32(3110), np.int32(2053), np.int32(153), np.int32(308), np.int32(786), np.int32(-87), np.int32(37), np.int32(12), np.int32(81), np.int32(1), np.int32(20), np.int32(61), np.int32(0), np.int32(0))",0,1
short,"['RescueAgent', 'ResourceManagementAgent', 'RebuildingAgent']","(np.int32(63), np.int32(327), np.int32(2645), np.int32(5579), np.int32(2502), np.int32(-449), np.int32(314), np.int32(45), np.int32(79), np.int32(14), np.int32(16), np.int32(89), np.int32(0), np.int32(20), np.int32(61), np.int32(0), np.int32(0))",0,1
short,"['RescueAgent', 'ResourceManagementAgent', 'RebuildingAgent']","(np.int32(51), np.int32(339), np.int32(466), np.int32(765), np.int32(613), np.int32(391), np.int32(348), np.int32(348), np.int32(199), np.int32(34), np.int32(4), np.int32(57), np.int32(7), np.int32(20), np.int32(0), np.int32(0), np.int32(0))",0,1
short,"['RescueAgent', 'ResourceManagementAgent', 'RebuildingAgent']","(np.int32(53), np.int32(336), np.int32(816), np.int32(1825), np.int32(663), np.int32(150), np.int32(350), np.int32(78), np.int32(305), np.int32(-417), np.int32(7), np.int32(58), np.int32(2), np.int32(20), np.int32(2), np.int32(0), np.int32(0))",0,1
short,"['RescueAgent', 'ResourceManagementAgent', 'RebuildingAgent']","(np.int32(55), np.int32(335), np.int32(1164), np.int32(2178), np.int32(1011), np.int32(152), np.int32(349), np.int32(204), np.int32(317), np.int32(-347), np.int32(8), np.int32(66), np.int32(1), np.int32(20), np.int32(7), np.int32(0), np.int32(0))",0,1
short,"['RescueAgent', 'ResourceManagementAgent', 'RebuildingAgent']","(np.int32(57), np.int32(335), np.int32(1512), np.int32(2541), np.int32(1359), np.int32(152), np.int32(346), np.int32(408), np.int32(469), np.int32(-101), np.int32(8), np.int32(74), np.int32(0), np.int32(20), np.int32(14), np.int32(0), np.int32(0))",0,1
short,"['RescueAgent', 'ResourceManagementAgent', 'RebuildingAgent']","(np.int32(59), np.int32(335), np.int32(1799), np.int32(2823), np.int32(1706), np.int32(153), np.int32(328), np.int32(669), np.int32(515), np.int32(69), np.int32(8), np.int32(78), np.int32(3), np.int32(20), np.int32(36), np.int32(0), np.int32(0))",0,1
short,"['RescueAgent', 'ResourceManagementAgent', 'RebuildingAgent']","(np.int32(61), np.int32(331), np.int32(1696), np.int32(3110), np.int32(2053), np.int32(153), np.int32(308), np.int32(786), np.int32(-87), np.int32(37), np.int32(12), np.int32(81), np.int32(1), np.int32(20), np.int32(61), np.int32(0), np.int32(0))",0,1
short,"['RescueAgent', 'ResourceManagementAgent', 'RebuildingAgent']","(np.int32(63), np.int32(327), np.int32(2645), np.int32(5579), np.int32(2502), np.int32(-449), np.int32(314), np.int32(45), np.int32(79), np.int32(14), np.int32(16), np.int32(89), np.int32(0), np.int32(20), np.int32(61), np.int32(0), np.int32(0))",0,1
short,"['RescueAgent', 'ResourceManagementAgent', 'RebuildingAgent']","(np.int32(65), np.int32(327), np.int32(3492), np.int32(6426), np.int32(3419), np.int32(-447), np.int32(320), np.int32(166), np.int32(128), np.int32(98), np.int32(16), np.int32(89), np.int32(5), np.int32(20), np.int32(61), np.int32(0), np.int32(0))",0,1
short,"['RescueAgent', 'ResourceManagementAgent', 'RebuildingAgent']","(np.int32(51), np.int32(339), np.int32(466), np.int32(765), np.int32(613), np.int32(391), np.int32(348), np.int32(348), np.int32(199), np.int32(34), np.int32(4), np.int32(57), np.int32(7), np.int32(20), np.int32(0), np.int32(0), np.int32(0))",0,1
short,"['RescueAgent', 'ResourceManagementAgent', 'RebuildingAgent']","(np.int32(53), np.int32(336), np.int32(816), np.int32(1825), np.int32(663), np.int32(150), np.int32(350), np.int32(78), np.int32(305), np.int32(-417), np.int32(7), np.int32(58), np.int32(2), np.int32(20), np.int32(2), np.int32(0), np.int32(0))",0,1
short,"['RescueAgent', 'ResourceManagementAgent', 'RebuildingAgent']","(np.int32(55), np.int32(335), np.int32(1164), np.int32(2178), np.int32(1011), np.int32(152), np.int32(349), np.int32(204), np.int32(317), np.int32(-347), np.int32(8), np.int32(66), np.int32(1), np.int32(20), np.int32(7), np.int32(0), np.int32(0))",0,1
short,"['RescueAgent', 'ResourceManagementAgent', 'RebuildingAgent']","(np.int32(57), np.int32(335), np.int32(1512), np.int32(2541), np.int32(1359), np.int32(152), np.int32(346), np.int32(408), np.int32(469), np.int32(-101), np.int32(8), np.int32(74), np.int32(0), np.int32(20), np.int32(14), np.int32(0), np.int32(0))",0,1
short,"['RescueAgent', 'ResourceManagementAgent', 'RebuildingAgent']","(np.int32(59), np.int32(335), np.int32(1799), np.int32(2823), np.int32(1706), np.int32(153), np.int32(328), np.int32(669), np.int32(515), np.int32(69), np.int32(8), np.int32(78), np.int32(3), np.int32(20), np.int32(36), np.int32(0), np.int32(0))",0,1
short,"['RescueAgent', 'ResourceManagementAgent', 'RebuildingAgent']","(np.int32(61), np.int32(331), np.int32(1696), np.int32(3110), np.int32(2053), np.int32(153), np.int32(308), np.int32(786), np.int32(-87), np.int32(37), np.int32(12), np.int32(81), np.int32(1), np.int32(20), np.int32(61), np.int32(0), np.int32(0))",0,1
short,"['RescueAgent', 'ResourceManagementAgent', 'RebuildingAgent']","(np.int32(63), np.int32(327), np.int32(2645), np.int32(5579), np.int32(2502), np.int32(-449), np.int32(314), np.int32(45), np.int32(79), np.int32(14), np.int32(16), np.int32(89), np.int32(0), np.int32(20), np.int32(61), np.int32(0), np.int32(0))",0,1
short,"['RescueAgent', 'ResourceManagementAgent', 'RebuildingAgent']","(np.int32(65), np.int32(327), np.int32(3492), np.int32(6426), np.int32(3419), np.int32(-447), np.int32(320), np.int32(166), np.int32(128), np.int32(98), np.int32(16), np.int32(89), np.int32(5), np.int32(20), np.int32(61), np.int32(0), np.int32(0))",0,1
short,"['RescueAgent', 'ResourceManagementAgent', 'RebuildingAgent']","(np.int32(67), np.int32(327), np.int32(4437), np.int32(7371), np.int32(4244), np.int32(-445), np.int32(324), np.int32(232), np.int32(185), np.int32(281), np.int32(16), np.int32(96), np.int32(3), np.int32(20), np.int32(64), np.int32(0), np.int32(0))",0,1
short,"['RescueAgent', 'ResourceManagementAgent', 'RebuildingAgent']","(np.int32(51), np.int32(339), np.int32(466), np.int32(765), np.int32(613), np.int32(391), np.int32(348), np.int32(348), np.int32(199), np.int32(34), np.int32(4), np.int32(57), np.int32(7), np.int32(20), np.int32(0), np.int32(0), np.int32(0))",0,1
short,"['RescueAgent', 'ResourceManagementAgent', 'RebuildingAgent']","(np.int32(53), np.int32(336), np.int32(816), np.int32(1825), np.int32(663), np.int32(150), np.int32(350), np.int32(78), np.int32(305), np.int32(-417), np.int32(7), np.int32(58), np.int32(2), np.int32(20), np.int32(2), np.int32(0), np.int32(0))",0,1
short,"['RescueAgent', 'ResourceManagementAgent', 'RebuildingAgent']","(np.int32(55), np.int32(335), np.int32(1164), np.int32(2178), np.int32(1011), np.int32(152), np.int32(349), np.int32(204), np.int32(317), np.int32(-347), np.int32(8), np.int32(66), np.int32(1), np.int32(20), np.int32(7), np.int32(0), np.int32(0))",0,1
short,"['RescueAgent', 'ResourceManagementAgent', 'RebuildingAgent']","(np.int32(57), np.int32(335), np.int32(1512), np.int32(2541), np.int32(1359), np.int32(152), np.int32(346), np.int32(408), np.int32(469), np.int32(-101), np.int32(8), np.int32(74), np.int32(0), np.int32(20), np.int32(14), np.int32(0), np.int32(0))",0,1
short,"['RescueAgent', 'ResourceManagementAgent', 'RebuildingAgent']","(np.int32(59), np.int32(335), np.int32(1799), np.int32(2823), np.int32(1706), np.int32(153), np.int32(328), np.int32(669), np.int32(515), np.int32(69), np.int32(8), np.int32(78), np.int32(3), np.int32(20), np.int32(36), np.int32(0), np.int32(0))",0,1
short,"['RescueAgent', 'ResourceManagementAgent', 'RebuildingAgent']","(np.int32(61), np.int32(331), np.int32(1696), np.int32(3110), np.int32(2053), np.int32(153), np.int32(308), np.int32(786), np.int32(-87), np.int32(37), np.int32(12), np.int32(81), np.int32(1), np.int32(20), np.int32(61), np.int32(0), np.int32(0))",0,1
short,"['RescueAgent', 'ResourceManagementAgent', 'RebuildingAgent']","(np.int32(63), np.int32(327), np.int32(2645), np.int32(5579), np.int32(2502), np.int32(-449), np.int32(314), np.int32(45), np.int32(79), np.int32(14), np.int32(16), np.int32(89), np.int32(0), np.int32(20), np.int32(61), np.int32(0), np.int32(0))",0,1
short,"['RescueAgent', 'ResourceManagementAgent', 'RebuildingAgent']","(np.int32(65), np.int32(327), np.int32(3492), np.int32(6426), np.int32(3419), np.int32(-447), np.int32(320), np.int32(166), np.int32(128), np.int32(98), np.int32(16), np.int32(89), np.int32(5), np.int32(20), np.int32(61), np.int32(0), np.int32(0))",0,1
short,"['RescueAgent', 'ResourceManagementAgent', 'RebuildingAgent']","(np.int32(67), np.int32(327), np.int32(4437), np.int32(7371), np.int32(4244), np.int32(-445), np.int32(324), np.int32(232), np.int32(185), np.int32(281), np.int32(16), np.int32(96), np.int32(3), np.int32(20), np.int32(64), np.int32(0), np.int32(0))",0,1
short,"['RescueAgent', 'ResourceManagementAgent', 'RebuildingAgent']","(np.int32(69), np.int32(327), np.int32(5231), np.int32(8065), np.int32(5188), np.int32(-444), np.int32(326), np.int32(370), np.int32(80), np.int32(40), np.int32(16), np.int32(96), np.int32(1), np.int32(20), np.int32(67), np.int32(0), np.int32(0))",0,1
short,"['RescueAgent', 'ResourceManagementAgent', 'RebuildingAgent']","(np.int32(51), np.int32(339), np.int32(466), np.int32(765), np.int32(613), np.int32(391), np.int32(348), np.int32(348), np.int32(199), np.int32(34), np.int32(4), np.int32(57), np.int32(7), np.int32(20), np.int32(0), np.int32(0), np.int32(0))",0,1
short,"['RescueAgent', 'ResourceManagementAgent', 'RebuildingAgent']","(np.int32(53), np.int32(336), np.int32(816), np.int32(1825), np.int32(663), np.int32(150), np.int32(350), np.int32(78), np.int32(305), np.int32(-417), np.int32(7), np.int32(58), np.int32(2), np.int32(20), np.int32(2), np.int32(0), np.int32(0))",0,1
short,"['RescueAgent', 'ResourceManagementAgent', 'RebuildingAgent']","(np.int32(55), np.int32(335), np.int32(1164), np.int32(2178), np.int32(1011), np.int32(152), np.int32(349), np.int32(204), np.int32(317), np.int32(-347), np.int32(8), np.int32(66), np.int32(1), np.int32(20), np.int32(7), np.int32(0), np.int32(0))",0,1
short,"['RescueAgent', 'ResourceManagementAgent', 'RebuildingAgent']","(np.int32(57), np.int32(335), np.int32(1512), np.int32(2541), np.int32(1359), np.int32(152), np.int32(346), np.int32(408), np.int32(469), np.int32(-101), np.int32(8), np.int32(74), np.int32(0), np.int32(20), np.int32(14), np.int32(0), np.int32(0))",0,1
short,"['RescueAgent', 'ResourceManagementAgent', 'RebuildingAgent']","(np.int32(59), np.int32(335), np.int32(1799), np.int32(2823), np.int32(1706), np.int32(153), np.int32(328), np.int32(669), np.int32(515), np.int32(69), np.int32(8), np.int32(78), np.int32(3), np.int32(20), np.int32(36), np.int32(0), np.int32(0))",0,1
short,"['RescueAgent', 'ResourceManagementAgent', 'RebuildingAgent']","(np.int32(61), np.int32(331), np.int32(1696), np.int32(3110), np.int32(2053), np.int32(153), np.int32(308), np.int32(786), np.int32(-87), np.int32(37), np.int32(12), np.int32(81), np.int32(1), np.int32(20), np.int32(61), np.int32(0), np.int32(0))",0,1
short,"['RescueAgent', 'ResourceManagementAgent', 'RebuildingAgent']","(np.int32(63), np.int32(327), np.int32(2645), np.int32(5579), np.int32(2502), np.int32(-449), np.int32(314), np.int32(45), np.int32(79), np.int32(14), np.int32(16), np.int32(89), np.int32(0), np.int32(20), np.int32(61), np.int32(0), np.int32(0))",0,1
short,"['RescueAgent', 'ResourceManagementAgent', 'RebuildingAgent']","(np.int32(65), np.int32(327), np.int32(3492), np.int32(6426), np.int32(3419), np.int32(-447), np.int32(320), np.int32(166), np.int32(128), np.int32(98), np.int32(16), np.int32(89), np.int32(5), np.int32(20), np.int32(61), np.int32(0), np.int32(0))",0,1
short,"['RescueAgent', 'ResourceManagementAgent', 'RebuildingAgent']","(np.int32(67), np.int32(327), np.int32(4437), np.int32(7371), np.int32(4244), np.int32(-445), np.int32(324), np.int32(232), np.int32(185), np.int32(281), np.int32(16), np.int32(96), np.int32(3), np.int32(20), np.int32(64), np.int32(0), np.int32(0))",0,1
short,"['RescueAgent', 'ResourceManagementAgent', 'RebuildingAgent']","(np.int32(69), np.int32(327), np.int32(5231), np.int32(8065), np.int32(5188), np.int32(-444), np.int32(326), np.int32(370), np.int32(80), np.int32(40), np.int32(16), np.int32(96), np.int32(1), np.int32(20), np.int32(67), np.int32(0), np.int32(0))",0,1
short,"['RescueAgent', 'ResourceManagementAgent', 'RebuildingAgent']","(np.int32(70), np.int32(327), np.int32(6171), np.int32(9005), np.int32(5802), np.int32(-440), np.int32(333), np.int32(-86), np.int32(141), np.int32(57), np.int32(16), np.int32(96), np.int32(1), np.int32(20), np.int32(69), np.int32(0), np.int32(0))",0,1
short,"['RescueAgent', 'ResourceManagementAgent', 'RebuildingAgent']","(np.int32(51), np.int32(339), np.int32(466), np.int32(765), np.int32(613), np.int32(391), np.int32(348), np.int32(348), np.int32(199), np.int32(34), np.int32(4), np.int32(57), np.int32(7), np.int32(20), np.int32(0), np.int32(0), np.int32(0))",0,1
short,"['RescueAgent', 'ResourceManagementAgent', 'RebuildingAgent']","(np.int32(53), np.int32(336), np.int32(816), np.int32(1825), np.int32(663), np.int32(150), np.int32(350), np.int32(78), np.int32(305), np.int32(-417), np.int32(7), np.int32(58), np.int32(2), np.int32(20), np.int32(2), np.int32(0), np.int32(0))",0,1
short,"['RescueAgent', 'ResourceManagementAgent', 'RebuildingAgent']","(np.int32(55), np.int32(335), np.int32(1164), np.int32(2178), np.int32(1011), np.int32(152), np.int32(349), np.int32(204), np.int32(317), np.int32(-347), np.int32(8), np.int32(66), np.int32(1), np.int32(20), np.int32(7), np.int32(0), np.int32(0))",0,1
short,"['RescueAgent', 'ResourceManagementAgent', 'RebuildingAgent']","(np.int32(57), np.int32(335), np.int32(1512), np.int32(2541), np.int32(1359), np.int32(152), np.int32(346), np.int32(408), np.int32(469), np.int32(-101), np.int32(8), np.int32(74), np.int32(0), np.int32(20), np.int32(14), np.int32(0), np.int32(0))",0,1
short,"['RescueAgent', 'ResourceManagementAgent', 'RebuildingAgent']","(np.int32(59), np.int32(335), np.int32(1799), np.int32(2823), np.int32(1706), np.int32(153), np.int32(328), np.int32(669), np.int32(515), np.int32(69), np.int32(8), np.int32(78), np.int32(3), np.int32(20), np.int32(36), np.int32(0), np.int32(0))",0,1
short,"['RescueAgent', 'ResourceManagementAgent', 'RebuildingAgent']","(np.int32(61), np.int32(331), np.int32(1696), np.int32(3110), np.int32(2053), np.int32(153), np.int32(308), np.int32(786), np.int32(-87), np.int32(37), np.int32(12), np.int32(81), np.int32(1), np.int32(20), np.int32(61), np.int32(0), np.int32(0))",0,1
short,"['RescueAgent', 'ResourceManagementAgent', 'RebuildingAgent']","(np.int32(63), np.int32(327), np.int32(2645), np.int32(5579), np.int32(2502), np.int32(-449), np.int32(314), np.int32(45), np.int32(79), np.int32(14), np.int32(16), np.int32(89), np.int32(0), np.int32(20), np.int32(61), np.int32(0), np.int32(0))",0,1
short,"['RescueAgent', 'ResourceManagementAgent', 'RebuildingAgent']","(np.int32(65), np.int32(327), np.int32(3492), np.int32(6426), np.int32(3419), np.int32(-447), np.int32(320), np.int32(166), np.int32(128), np.int32(98), np.int32(16), np.int32(89), np.int32(5), np.int32(20), np.int32(61), np.int32(0), np.int32(0))",0,1
short,"['RescueAgent', 'ResourceManagementAgent', 'RebuildingAgent']","(np.int32(67), np.int32(327), np.int32(4437), np.int32(7371), np.int32(4244), np.int32(-445), np.int32(324), np.int32(232), np.int32(185), np.int32(281), np.int32(16), np.int32(96), np.int32(3), np.int32(20), np.int32(64), np.int32(0), np.int32(0))",0,1
short,"['RescueAgent', 'ResourceManagementAgent', 'RebuildingAgent']","(np.int32(69), np.int32(327), np.int32(5231), np.int32(8065), np.int32(5188), np.int32(-444), np.int32(326), np.int32(370), np.int32(80), np.int32(40), np.int32(16), np.int32(96), np.int32(1), np.int32(20), np.int32(67), np.int32(0), np.int32(0))",0,1
short,"['RescueAgent', 'ResourceManagementAgent', 'RebuildingAgent']","(np.int32(70), np.int32(327), np.int32(6171), np.int32(9005), np.int32(5802), np.int32(-440), np.int32(333), np.int32(-86), np.int32(141), np.int32(57), np.int32(16), np.int32(96), np.int32(1), np.int32(20), np.int32(69), np.int32(0), np.int32(0))",0,1
short,"['RescueAgent', 'ResourceManagementAgent', 'RebuildingAgent']","(np.int32(72), np.int32(327), np.int32(6984), np.int32(9888), np.int32(6735), np.int32(-433), np.int32(340), np.int32(53), np.int32(185), np.int32(54), np.int32(16), np.int32(97), np.int32(0), np.int32(20), np.int32(69), np.int32(0), np.int32(0))",0,1
